{"cameraMode":{"drawMode":0,"name":"Shaded","section":"Shading Mode"},"sceneLighting":false,"audioPlay":false,"sceneViewState":{"showFog":true,"showMaterialUpdate":false,"showSkybox":true,"showFlares":true,"showImageEffects":true,"showParticleSystems":true},"in2DMode":false,"pivot":{"x":0.5283843278884888,"y":-23.131404876708986,"z":102.34830474853516},"rotation":{"x":-0.12597404420375825,"y":0.0005925852456130087,"z":-0.00007526890840381384,"w":-0.9920334219932556},"size":62.98318862915039,"orthographic":false}